Questions,Answers,,,,
What kind of degrees does Kepler offer?,"Kepler College offers bachelor's programs in Project Management and Business Analytics, focusing on practical, industry-relevant education.",,,,
Is Kepler College accredited by HEC?,"Yes, Kepler College is accredited by the Higher Education Council (HEC) of Rwanda.",,,,
What can I learn in the Project Management program at Kepler College?,"The Project Management program covers planning, execution, monitoring, and managing project teams, preparing students for leadership roles in various sectors.",,,,
What is the focus of the Business Analytics program at Kepler College?,"The Business Analytics program emphasizes data analysis, decision-making tools, and business intelligence to help students make data-driven decisions in organizations.",,,,
What kind of degree will I receive upon graduation?,Graduates receive a bachelor's degree accredited by the Higher Education Council (HEC) of Rwanda.,,,,
Are the programs offered by Kepler College industry-aligned?,"Yes, both Project Management and Business Analytics programs are designed to align with current industry requirements, ensuring practical and relevant education.",,,,
What skills will I gain from the Project Management program?,"You will gain skills in risk management, scheduling, budgeting, team coordination, and stakeholder communication, essential for successful project completion.",,,,
How does the Business Analytics program prepare me for the future of work?,"It prepares you with skills like data visualization, statistical analysis, and predictive modeling, which are crucial for roles in data analysis and business decision-making.",,,,
Are there any internship opportunities for Kepler students?,"Yes, Kepler College offers internship opportunities to help students apply their knowledge in real-world settings and gain valuable industry experience.",,,,
How long does it take to complete a bachelor's degree at Kepler College?,"Typically, it takes three years to complete a bachelor's degree at Kepler College.",,,,
What are the admission requirements for Kepler College programs?,"Applicants must have completed secondary education with two principal passes and meet other criteria as specified by the college, such as language proficiency and entrance exams.",,,,
Can international students apply to Kepler College?,"Yes, Kepler College welcomes international students, including refugees, and provides support for their education and integration.",,,,
What is the application process for Kepler College?,"Prospective students need to fill out an online application, submit required documents, and need to attend an admission exam as part of the selection process.",,,,
Does Kepler College provide online courses?,"Currently, Kepler College emphasizes in-person and blended learning models that combine online and face-to-face instruction.",,,,
How is the faculty at Kepler College qualified?,"The faculty consists of experienced educators and professionals with a background in project management, business analytics, and related fields.",,,,
Does Kepler College help with job placement after graduation?,"Yes, Kepler College offers career counseling, job placement support, and mentoring to help graduates transition into the workforce.",,,,
How does Kepler support students from vulnerable backgrounds?,"Kepler College is committed to supporting refugee students and economically disadvantaged young people through scholarships, mentoring, and customized learning support.",,,,
Are there opportunities for entrepreneurship training at Kepler College?,"Yes, the programs include elements of entrepreneurship, equipping students with the skills to start and manage their own businesses.",,,,
What technology is used in the Business Analytics program?,"The program uses tools like Excel, SQL, and data visualization software such as Tableau, ensuring students are prepared for modern business environments.",,,,
Are there extracurricular activities available at Kepler College?,"Yes, Kepler College offers various extracurricular activities, including clubs, sports, and leadership development programs.",,,,
How do the Project Management and Business Analytics programs prepare students for leadership roles?,"Both programs emphasize skills like critical thinking, effective communication, team collaboration, and strategic decision-making.",,,,
Does Kepler College partner with businesses for student projects?,"Yes, Kepler collaborates with industry partners to offer real-world projects that help students apply their learning to solve practical challenges.",,,,
What career paths are available after completing the Business Analytics degree?,"Graduates can pursue careers as data analysts, business intelligence analysts, data consultants, and more in various industries.",,,,
Does Kepler College offer master's programs?,"Currently, Kepler College offers bachelor's programs but plans to expand to master's programs in the future.",,,,
How can I contact Kepler College for more information?,"You can contact Kepler College via their website or visit their campus in Kigali, Rwanda, for in-person inquiries.",,,,
How is student performance evaluated in these programs?,"Student performance is evaluated through a mix of assignments, projects, exams, and presentations to ensure a comprehensive understanding of the subject matter.",,,,
Are there opportunities for research at Kepler College?,"Yes, students are encouraged to engage in research projects, especially in fields related to business analytics and project management.",,,,
What support services are available for students at Kepler College?,"The college provides career services, counseling, mentorship, and academic support to enhance the student experience.",,,,
What makes Kepler College's Project Management program unique?,"It offers practical learning with a focus on local and international project management practices, providing students with exposure to diverse methodologies.",,,,
How can I apply for financial aid at Kepler College?,Financial aid applications are made alongside the main application process. Kepler College assesses the needs and provides suitable support options.,,,,
What are the main topics covered in the Business Analytics program?,"Topics include statistical analysis, data mining, business intelligence, and data visualization techniques.",,,,
Is there a focus on soft skills in these programs?,"Yes, Kepler College incorporates soft skills like communication, leadership, and teamwork into its curriculum, vital for career success.",,,,
What languages are the courses taught in at Kepler College?,"The primary language of instruction is English, and proficiency is required for admission.",,,,
How does Kepler ensure the curriculum stays relevant?,Kepler regularly updates its curriculum to align with industry changes and ensure students receive the most current education.,,,,
Are there any community service requirements for graduation?,"Yes, Kepler emphasizes community involvement, and students may need to participate in community service projects as part of their graduation requirements.",,,,
How do I know if the Project Management program is right for me?,"If you are interested in leadership, planning, and executing projects in various industries, the Project Management program may be a suitable choice.",,,,
How does Kepler College support refugee students?,"Refugee students receive special scholarships, mentorship, and customized support to help them succeed academically.",,,,
Can I visit Kepler College before applying?,"Yes, Kepler College hosts open house events and campus visits for prospective students to explore the facilities and learn more about the programs.",,,,
What types of assessments are used in the Business Analytics program?,"Assessments include case studies, projects, quizzes, and practical data analysis tasks to evaluate students' understanding and skills.",,,,
Does Kepler College have a campus in Ethiopia?,"Yes, Kepler has expanded its programs to Ethiopia, focusing on tackling youth unemployment and providing education through a partnership with local institutions.",,,,
